<?xml version="1.0" encoding="UTF-8"?>
<project-private xmlns="http://www.netbeans.org/ns/project-private/1">
    <editor-bookmarks xmlns="http://www.netbeans.org/ns/editor-bookmarks/2" lastBookmarkId="0"/>
    <open-files xmlns="http://www.netbeans.org/ns/projectui-open-files/2">
        <group>
            <file>file:/C:/Users/Acer/Documents/NetBeansProjects/123210006_Tugas2/src/bidang/PersegiPanjang.java</file>
            <file>file:/C:/Users/Acer/Documents/NetBeansProjects/123210006_Tugas2/src/Main/View.java</file>
            <file>file:/C:/Users/Acer/Documents/NetBeansProjects/123210006_Tugas2/src/ruang/MenghitungRuang.java</file>
            <file>file:/C:/Users/Acer/Documents/NetBeansProjects/123210006_Tugas2/src/Main/Errorhand.java</file>
            <file>file:/C:/Users/Acer/Documents/NetBeansProjects/123210006_Tugas2/src/bidang/MenghitungBidang.java</file>
            <file>file:/C:/Users/Acer/Documents/NetBeansProjects/123210006_Tugas2/src/ruang/Balok.java</file>
            <file>file:/C:/Users/Acer/Documents/NetBeansProjects/123210006_Tugas2/src/Main/Main.java</file>
        </group>
    </open-files>
</project-private>
